Question,Answer
EXT1: Question 1,1
EXT2: Question 2,1
EXT3: Question 3,1
EXT4: Question 4,3
EXT5: Question 5,3
EXT6: Question 6,5
EXT7: Question 7,3
EXT8: Question 8,4
EXT9: Question 9,5
EXT10: Question 10,3
EST1: Question 11,3
EST2: Question 12,5
EST3: Question 13,5
EST4: Question 14,5
EST5: Question 15,5
EST6: Question 16,4
EST7: Question 17,4
EST8: Question 18,4
EST9: Question 19,4
EST10: Question 20,4
AGR1: Question 21,2
AGR2: Question 22,2
AGR3: Question 23,2
AGR4: Question 24,2
AGR5: Question 25,2
AGR6: Question 26,2
AGR7: Question 27,2
AGR8: Question 28,2
AGR9: Question 29,2
AGR10: Question 30,2
CSN1: Question 31,2
CSN2: Question 32,3
CSN3: Question 33,3
CSN4: Question 34,3
CSN5: Question 35,3
CSN6: Question 36,3
CSN7: Question 37,3
CSN8: Question 38,3
CSN9: Question 39,3
OPN1: Question 40,3
OPN2: Question 41,3
OPN3: Question 42,3
OPN4: Question 43,3
OPN5: Question 44,1
OPN6: Question 45,1
OPN7: Question 46,1
OPN8: Question 47,1
OPN9: Question 48,1
OPN10: Question 49,1
OPN10: Question 50,1
